Timestamp,EmailAddress,NamaLengkap,NIM,Angkatan,GolonganUKT,NoHP,IPGanjil,OrganisasiGanjil,KerjaGanjil,IPGenap,OrganisasiGenap,KerjaGenap
23/09/2022 16:57,all4yandaru@gmail.com,Liek Allyandaru,123180054,2018,4,82136564484,3.83,Ya,Tidak,3.96,Tidak,Tidak
23/09/2022 18:16,isnan.rizqikurniawan@gmail.com,Isnan Rizqi Kurniawan,123170041,2017,4,81215255331,3.83,Ya,Tidak,3.8,Ya,Tidak
23/09/2022 18:20,indahyaniomel@gmail.com,Indahyani ,123180013,2018,1,-,3.6,Tidak,Tidak,2.83,Tidak,Tidak
23/09/2022 18:20,dilaajengm@gmail.com,Dila Ajeng Meiliawati,123180009,2018,4,81275270774,3.62,Tidak,Tidak,3.7,Tidak,Tidak
23/09/2022 18:20,andrailjimae@gmail.com,Totti Andra Ristiano ,123180094,2018,4,-,3.88,Tidak,Tidak,3.65,Tidak,Tidak
23/09/2022 18:21,leniandriani836@gmail.com,Leni Andriani,123180001,2018,4,87738364996,3.88,Tidak,Tidak,3.37,Tidak,Tidak
23/09/2022 18:29,willyardiyanto2@gmail.com,Vincentius Willy Ardiyanto ,123190100,2019,6,85156859453,4,Ya,Tidak,3.92,Tidak,Tidak
23/09/2022 18:29,iffazahra09@gmail.com,Iffatuz Zahra ,123180039,2018,5,6.29E+12,3.96,Ya,Tidak,3.7,Ya,Tidak
23/09/2022 18:31,lathif.harizqi@gmail.com,Muhammad Lathif Harizqi Al Mu'iz,123190106,2019,7,87732652471,3.81,Tidak,Tidak,3.6,Tidak,Tidak
23/09/2022 18:32,faturrumahan@gmail.com,fathurrohman,123190052,2019,0,6.28E+12,3.81,Ya,Tidak,3.48,Ya,Tidak
23/09/2022 18:49,dithofebrian@gmail.com,Dhito febrian,123180077,2018,6,89520582372,3.87,Tidak,Tidak,2.78,Tidak,Ya
23/09/2022 18:52,muhammadazizbj@gmail.com,Muhammad Azis B J,123190035,2019,1,85155301115,3.7,Ya,Ya,2.75,Ya,Tidak
23/09/2022 18:53,123180176@student.upnyk.ac.id,MAULANA KURNIA FIQIH AINUL YAQIN,123180176,2018,8,82115155714,3.77,Ya,Tidak,3.17,Ya,Tidak
23/09/2022 19:03,suryaadjie08@gmail.com,Surya Aji Pratama ,124190016,2019,0,85280348690,3.5,Ya,Tidak,3.76,Tidak,Ya
23/09/2022 19:16,bsejati46@gmail.com,Bayu Pamungkas,123180165,2018,4,82225876888,3.2,Tidak,Ya,3.32,Tidak,Ya
23/09/2022 19:30,fauzan.okta10@gmail.com,Fauzan Oktavianto Nugroho,123180058,2018,5,6.29E+12,3.2,Ya,Tidak,3.5,Ya,Tidak
23/09/2022 19:31,123170033@student.upnyk.ac.id,Dio Cahyo Saputra,123170033,2017,3,85643382162,3.92,Tidak,Tidak,3.95,Tidak,Tidak
23/09/2022 19:37,hafizasidqiamini027@gmail.com,Hafiza Sidqi Amini,123180130,2018,7,82136099079,3.77,Ya,Tidak,3.25,Ya,Ya
23/09/2022 19:40,williankvn2008@gmail.com,Willian Kelvin Nata,123180004,2018,2,6.28E+12,3.89,Tidak,Tidak,3.57,Tidak,Tidak
23/09/2022 20:01,haidarhilmy2000@gmail.com,Hilmy Haidar,123180073,2018,5,81344634263,3.91,Ya,Tidak,3.85,Ya,Tidak
23/09/2022 20:05,masabank98@gmail.com,M. Afin F.,124170019,2017,4,6.29E+12,3.56,Ya,Tidak,3.64,Ya,Tidak
23/09/2022 20:36,nis.saaban07@gmail.com,Nisfu saaban,123170018,2017,1,81230399872,2.8,Ya,Ya,2.8,Tidak,Tidak
23/09/2022 20:54,123180043@student.upnyk.ac.id,Desi Ariyani,123180043,2018,0,89514275779,3.77,Tidak,Tidak,3.54,Tidak,Tidak
23/09/2022 21:15,ataniaharfiani2@gmail.com,Atania Harfiani,123180092,2018,4,8.95E+11,3.87,Tidak,Tidak,3.52,Ya,Tidak
23/09/2022 23:43,sheanmichaelyk@gmail.com,Shean Michael Aqshafa Ditamaputra,123190096,2019,3,8.95E+11,3.96,Tidak,Tidak,3.92,Tidak,Tidak
24/09/2022 11:07,isnamaku8@gmail.com,Isna Nur Aini,123180063,2018,5,85600934634,3.88,Ya,Ya,3.92,Ya,Ya
24/09/2022 11:54,bnityasa@gmail.com,Nityasa Sasikirana Putri Sutiono,123180143,2018,3,85939288636,3.75,Ya,Tidak,2.83,Ya,Tidak
24/09/2022 12:13,akufirman22@gmail.com,Firman Aulia Insani ,123180161,2018,6,81226375943,3.48,Tidak,Ya,3.02,Tidak,Ya
24/09/2022 14:20,isnainikhaira@gmail.com,Isnaini khairiah,123900004,2019,3,82241615847,3.48,Ya,Tidak,3.17,Ya,Ya
24/09/2022 14:22,123170055@student.upnyk.ac.id,Cici Yuriza,123170055,2017,4,85367276657,3.6,Ya,Tidak,3.58,Ya,Tidak
24/09/2022 14:25,fhrezhazeaneth@gmail.com,Fhrezha zeaneth,123170044,2017,4,6.29E+12,3.85,Ya,Ya,3.8,Ya,Ya
24/09/2022 15:02,dewizunuvi21@gmail.com,Dewi Zunuvi Setiawati,123190117,2019,1,87720008797,3.75,Ya,Tidak,3.6,Tidak,Tidak
24/09/2022 15:21,123180008@student.upnyk.ac.id,Ayola Ika Arihta,123180008,2018,3,85760537732,3.8,Ya,Tidak,3.08,Tidak,Tidak
24/09/2022 15:23,fiqriu@gmail.com,Fiqri Upakarti Adiningsih,123180022,2018,3,87833643399,3.78,Ya,Tidak,3.61,Tidak,Ya
24/09/2022 18:32,123180062@student.upnyk.ac.id,Rifka Canalisa Rahayu,123180062,2018,8,81288565636,4,Ya,Tidak,4,Tidak,Tidak
24/09/2022 18:35,satyaghifari.adipratama@aiesec.net,Satya Ghifari Adipratama,123180051,2018,8,81282357959,4,Ya,Tidak,3.86,Ya,Ya
24/09/2022 19:26,istiqomah.iq2015@gmail.com,Istiqomah,123180040,2018,6,85337101595,3.68,Ya,Tidak,3.39,Tidak,Tidak
24/09/2022 19:41,ramatriagung91@gmail.com,Rama Tri Agung,123180053,2018,7,81377879966,3.93,Ya,Ya,4,Ya,Ya
24/09/2022 19:43,124180041@student.upnyk.ac.id,Monica Ameiliana,124180041,2018,3,81548350300,3.6,Tidak,Tidak,3.6,Tidak,Tidak
24/09/2022 20:05,vaniazerlinda2000@gmail.com,Vania Zerlinda,123180086,2018,3,89687616940,3.98,Ya,Tidak,3.96,Tidak,Tidak
24/09/2022 20:16,dikawiniminiwinibiti@gmail.com,Mahardika Rahman Rizky,123180178,2018,2,8818592765,3.83,Tidak,Tidak,3.24,Tidak,Tidak
24/09/2022 22:02,mochammadrwinanda@gmail.com,Mochammad Winanda Hidayat,123180151,2018,4,85930221520,3.9,Tidak,Ya,2.93,Tidak,Ya
24/09/2022 22:15,alyashalsabillaas@gmail.com,Alya Shalsabilla,123180091,2018,4,85602142915,3.92,Tidak,Tidak,3.95,Tidak,Tidak
24/09/2022 23:09,mumtazdedi@gmail.com,Dedi mumtazul,123190042,2019,0,85161678774,3.83,Tidak,Tidak,3.12,Tidak,Ya
25/09/2022 03:30,trimeri06@gmail.com,Tri Meri Anzelina Panjaitan ,123180030,2018,1,82294102862,3.89,Ya,Tidak,3.39,Tidak,Tidak
25/09/2022 14:32,123180061@student.upnyk.ac.id,Samuelson Herjianto,123180061,2018,1,85313570970,3.85,Ya,Tidak,3.07,Tidak,Tidak
25/09/2022 20:16,hafidhridwanf2@gmail.com,Hafidh Ridwan Fakhruddin ,123180121,2018,4,81215110447,4,Ya,Ya,3.76,Ya,Ya
25/09/2022 23:57,notsalsagatha@gmail.com,Salsabilla A,123180025,2018,4,81228139695,3.85,Ya,Tidak,3.3,Tidak,Tidak
26/09/2022 20:57,ifauziyahmad@gmail.com,Fauziyah Ahmad Inayanti ,123180097,2018,7,81229602530,3.91,Ya,Tidak,3.57,Ya,Tidak
27/09/2022 09:07,julia17mf@gmail.com,Julia Mutiara Farida,123180109,2018,1,85700044804,3.67,Tidak,Ya,3.71,Tidak,Ya
27/09/2022 09:22,zetiika@gmail.com,Zeti Ika,123180010,2018,0,85749309662,3.86,Tidak,Tidak,3.09,Tidak,Tidak
27/09/2022 10:13,124180046@upnyk.ac.id,Shidqi Maulana ,124180046,2018,3,82235861298,3.82,Ya,Tidak,3.4,Ya,Tidak
27/09/2022 10:24,hdprasetyo00@gmail.com,Handoyo Dwi Prasetyo,123180018,2018,1,88214811654,4,Ya,Tidak,3.96,Ya,Tidak
27/09/2022 10:25,sitimardhiyah777@gmail.com,Siti Mardhiyah ,123180101,2018,1,85779715042,3.74,Tidak,Tidak,3.2,Tidak,Tidak
27/09/2022 10:30,yonesfernando@gmail.com,Yones Fernando,123180087,2018,3,81226040219,3.41,Tidak,Ya,3.59,Tidak,Ya
27/09/2022 10:34,anjarharimurti.ah@gmail.com,Muhammad Anjar Harimurti Rahadi,123180056,2018,8,81958000659,4,Ya,Ya,4,Tidak,Ya
27/09/2022 11:29,harisnasrullah212@gmail.com,Haris Nasrulloh,123180055,2018,1,6.28E+12,3.83,Ya,Tidak,2.2,Ya,Ya
27/09/2022 16:29,learning.refanda@gmail.com,Refanda Setyaguna Sutrisno,123170093,2017,7,85292461221,3.73,Ya,Tidak,4,Ya,Tidak
27/09/2022 17:15,aditya07bayu@gmail.com,Aditya Bayu Prabowo,123170048,2017,1,88227661015,3.2,Ya,Ya,3.2,Ya,Ya
27/09/2022 18:24,muh.akli027@gmail.com,Muhammad Akli Adnan,123180015,2018,6,81225853779,3.86,Ya,Tidak,3.71,Tidak,Tidak
27/09/2022 22:00,rivano.atk@gmail.com,Rivano Ardiyan Taufiq Kurniawan,123190084,2019,4,82146836953,3.9,Ya,Tidak,3.91,Ya,Tidak
28/09/2022 07:35,shaziawaludin23@gmail.com,shazi awaludin,123190123,2019,6,85775406400,3.96,Ya,Tidak,4,Ya,Ya
28/09/2022 08:04,diasgsputra@gmail.com,Dias Galih Saputra,123170038,2017,3,81329732838,3.17,Ya,Tidak,3.41,Tidak,Tidak
28/09/2022 10:28,azzahragalih021@gmail.com,Azzahra Galih Ayudya,123190104,2019,5,81804730804,3.69,Tidak,Tidak,3.48,Tidak,Tidak
28/09/2022 10:34,lisa.anisafitri@gmail.com,Lisa Anis,123190089,2019,3,89517791788,3.96,Ya,Tidak,3.88,Tidak,Ya
28/09/2022 15:55,123190129@student.upnyk.ac.id,Agil Adi Saputro,123190129,2019,2,85959317376,2.5,Ya,Tidak,3.33,Ya,Tidak
28/09/2022 16:50,chellasylva50@gmail.com,Marchella Sylvadenta Lastetria,123180133,2018,7,8117605901,3.82,Tidak,Tidak,3.17,Ya,Tidak
28/09/2022 22:40,luckmansyarif46@gmail.com,Luckman Nathan Syarif Aljustin,123190151,2019,1,89653417773,4,Ya,Tidak,3.8,Tidak,Ya
29/09/2022 10:11,ekky.raharjo@gmail.com,Rezky Putratama Raharjo,123180007,2018,8,08115626555 (OVO),4,Ya,Ya,4,Ya,Ya
29/09/2022 18:17,prismaputra91@gmail.com,Prisma Putra ,123190048,2019,0,89639927748,3.94,Ya,Tidak,3.39,Ya,Tidak
29/09/2022 22:10,elisiadwirahayu@gmail.com,Elisia Dwi Rahayu,123190062,2019,1,82134080324,3.91,Ya,Tidak,3.84,Tidak,Tidak
30/09/2022 00:30,setyaradesca@gmail.com,Radesca Setya Putra,123190023,2019,0,81228430858,3.88,Ya,Tidak,3.55,Tidak,Tidak
30/09/2022 10:56,anggitaramadhani81@gmail.com,Anggita Ramadhani,123170076,2017,6,85602250289,3.85,Tidak,Tidak,3.76,Tidak,Tidak
03/10/2022 08:09,adiradya140@gmail.com,Radya Adi Anggara,123190059,2019,3,87867069369,3.5,Ya,Tidak,3.7,Tidak,Tidak
04/10/2022 09:50,123190118@student.upnyk.ac.id,Elvira Reza Dewanti,123190118,2019,6,81391719273,3.81,Tidak,Tidak,3.65,Tidak,Tidak
04/10/2022 09:54,123190093@student.upnyk.ac.id,Certa Yustitia ,123190093,2019,6,81392086877,3.75,Ya,Tidak,3.74,Tidak,Tidak
04/10/2022 10:02,naufalyazidriyadi19@gmail.com,Naufal Yazid Riyadi,123190101,2019,5,8.95E+11,3.71,Ya,Tidak,3.15,Tidak,Tidak
04/10/2022 10:02,muhammadfadlizer@gmail.com,Muhammad Fadli,123180038,2018,1,85263995844,3.83,Ya,Tidak,3.2,Ya,Tidak
04/10/2022 10:10,uzanlatif@gmail.com,Abdul Latif Fauzan,123190068,2019,8,8.96E+11,3.76,Ya,Ya,3.33,Ya,Ya
04/10/2022 10:17,123190038@student.upnyk.ac.id,Gisani Miftahul Rahma,123190038,2019,8,8980802265,3.96,Ya,Tidak,3.62,Tidak,Ya
04/10/2022 10:25,sandirumit123@gmail.com,Adnanfadhil Yaser,123190098,2019,3,81390625792,3.56,Tidak,Ya,2.43,Tidak,Ya
04/10/2022 10:44,elsamaylina1305@gmail.com,Elsa Maylina Putri Roesnadi,123180024,2018,4,8816539324,3.5,Ya,Tidak,3.5,Ya,Tidak
04/10/2022 10:45,mamap7423@gmail.com,Muhammad Ibnu Zaqi,123180164,2018,1,85546229649,3,Tidak,Tidak,3,Tidak,Tidak
04/10/2022 10:46,rizaldiaidinul77@gmail.com,Rizaldi Aidinul Hakim,123180172,2018,5,82122815629,3.95,Ya,Tidak,3.39,Ya,Tidak
04/10/2022 10:49,valinkanabila@gmail.com,Nabila Valinka,123180060,2018,3,85729886737,3.72,Ya,Tidak,3.72,Ya,Tidak
04/10/2022 10:49,ariantiandra@gmail.com,Berliana Andra Arianti,123180065,2018,8,81326912477,3.91,Ya,Tidak,3.96,Ya,Tidak
04/10/2022 10:52,senoajiputra8@gmail.com,Seno Aji,123180162,2018,4,82279180670,3.5,Ya,Tidak,3.6,Tidak,Tidak
04/10/2022 10:52,kevinbimos@gmail.com,Kevin Bimo Saputro,123190126,2019,8,81350063307,3.83,Tidak,Tidak,2.54,Tidak,Tidak
04/10/2022 10:53,torong74@gmail.com,Andre Christian Surbakti ,123190029,2019,3,0851-5619-6166,3.37,Tidak,Tidak,3.14,Tidak,Tidak
04/10/2022 10:53,123190019@student.upnyk.ac.id,Arif Pribadi ,123190019,2019,0,82246627884,3.6,Ya,Ya,3.3,Ya,Ya
04/10/2022 10:58,nanolminul@gmail.com,Dhiani Kurnia Sari,123180170,2018,4,8.95E+11,3.82,Ya,Ya,3.56,Ya,Ya
04/10/2022 11:00,rikimartua20@gmail.com,Riki Martua,123180028,2018,4,8229999999,3.6,Ya,Tidak,3.6,Ya,Tidak
04/10/2022 11:03,123190086@student.upnyk.ac.id,RADEN RARA LYDIA DEVINA SYANTASYACITTA,123190086,2019,5,,3.83,Tidak,Ya,3.65,Tidak,Tidak
04/10/2022 11:07,demasarvin11@gmail.com,Demas Arvin Purba Anggana,123180171,2018,3,81225379892,3.75,Tidak,Tidak,3.35,Tidak,Tidak
04/10/2022 11:09,bahreisy.hakim@gmail.com,Bahreisy Hakim,123190033,2019,5,81226920183,3.81,Tidak,Tidak,3.68,Tidak,Tidak
04/10/2022 11:20,kurniaindah12345@gmail.com,Kurnia Indah N,123180095,2018,2,82137778428,3.76,Ya,Tidak,2.85,Ya,Tidak
04/10/2022 11:23,123180126@student.upnyk.ac.id,Nada Salsabila Imari,123180126,2018,8,6.29E+12,3.95,Tidak,Tidak,3.19,Tidak,Tidak
04/10/2022 11:40,ovaarjun26@gmail.com,Ova Arjun Kusuma,123180050,2018,1,85602948018,3.84,Tidak,Tidak,2.75,Tidak,Tidak
04/10/2022 11:50,123180045@student.upnyk.ac.id,Muhammad Jafar Sidiq Fatoni ,123180045,2018,3,82241638804,3.74,Tidak,Tidak,3.54,Tidak,Tidak
04/10/2022 12:06,fahmi.rahmat07@gmail.com,Muhamad Fahmi Rahmatullah,123180108,2018,2,,4,Ya,Ya,3.96,Tidak,Ya
04/10/2022 12:14,friska744@gmail.com,Friska Eka Khoirunisa,123190031,2019,8,8119117629,3.91,Ya,Tidak,2.88,Tidak,Tidak
04/10/2022 12:55,123190014@student.upnyk.ac.id,Annas Adharuqudni,123190014,2019,5,,3.88,Ya,Ya,3.5,Ya,Ya
04/10/2022 13:24,salunaalavi@gmail.com,Saluna Alavi,123190049,2019,0,81327040733,3.77,Ya,Tidak,3.5,Tidak,Ya
04/10/2022 13:45,pryhanantoid77@gmail.com,Eka Pryhananto,123190020,2019,0,83866731132,3.73,Tidak,Tidak,3.28,Tidak,Tidak
04/10/2022 22:10,123180125@student.upnyk.ac.id,Ivana Puspita Sari,123180125,2018,8,85799711195,3.89,Tidak,Tidak,4,Tidak,Tidak
05/10/2022 00:44,mpattymadani7@gmail.com,Muhammad Patty Amal Madani,123190121,2019,4,82383839299,2.25,Tidak,Ya,1.62,Tidak,Ya
05/10/2022 10:14,fazriridwan19@gmail.com,Fazri Ridwan,123190045,2019,0,85352307024,3.94,Tidak,Tidak,3.52,Tidak,Tidak
05/10/2022 10:19,naufalnurfahriza@gmail.com,Naufal Nur Fahriza ,123190024,2019,2,81357088476,3.69,Ya,Tidak,3.68,Ya,Tidak
05/10/2022 10:21,fajriana32@gmail.com,Putri Fajriana ,123190110,2019,3,8.95E+11,3.71,Ya,Tidak,3.32,Tidak,Tidak
05/10/2022 10:28,ivanrivanka10@gmail.com,Rivanka Desya Fawwaz A,123190018,2019,3,81393194809,3.5,Ya,Tidak,3.67,Ya,Ya
05/10/2022 13:58,farisayumnap@gmail.com,Farisa Yumna Puspitaningrum HP ,123180103,2018,5,81906709029,3.85,Tidak,Tidak,3.48,Ya,Tidak
06/10/2022 16:16,qaifah02@gmail.com,Qurrotu'ain Hanifah,123170030,2017,8,81217021121,3.5,Tidak,Tidak,3.71,Tidak,Tidak
07/10/2022 23:23,123190122@student.upnyk.ac.id,Galih Nugraha ,123190122,2019,3,,3.88,Tidak,Tidak,2.83,Tidak,Tidak
08/10/2022 15:01,yesyualeon@gmail.com,Yesyua Leon Christy,123180136,2018,2,82134018940,4,Ya,Tidak,4,Ya,Tidak
11/10/2022 12:41,salsabila.lattifa@gmail.com,Salsabila Lattifa Fikri,123170084,2017,1,85601005562,3.35,Tidak,Tidak,3.66,Tidak,Tidak
11/10/2022 13:54,dyah.akp@gmail.com,Dyah Anggraini Kartika Putri,124180062,2018,4,85158655845,3.87,Ya,Tidak,4,Tidak,Tidak
11/10/2022 16:40,jundihafizhul@gmail.com,Jundi Hafizhul Haqqi ,123170029,2017,4,8.95E+11,3.6,Ya,Ya,3.5,Ya,Ya
11/10/2022 20:27,cemilick@gmail.com,Rico Aminanda,123190079,2019,2,85601671910,3.6,Ya,Ya,3.57,Ya,Ya
11/10/2022 20:52,sanwahyu34@gmail.com,Sandy Wahyu Agusta,123190145,2019,4,81226474181,4,Ya,Tidak,3.83,Tidak,Ya
11/10/2022 20:55,aubab1335@gmail.com,Abdullah Ubab Ali Murtadlo,124190071,2019,2,85326765742,3.7,Tidak,Tidak,4,Tidak,Tidak
11/10/2022 22:22,yerryadhiyasa@gmail.com,Yerry Nur Agni Adhiyasa,123190139,2019,2,89530959071,3.8,Ya,Tidak,2.8,Tidak,Tidak
12/10/2022 10:21,dhimweray222@gmail.com,Dhimas Wahyu Asshidiq,123190071,2019,8,8988828679,3.8,Ya,Ya,3.65,Ya,Tidak
12/10/2022 10:52,anggita.setiyani@gmail.com,Anggita Setiyani Putri,124190037,2019,2,-,3.82,Ya,Tidak,3.48,Tidak,Ya
12/10/2022 13:13,aliyahalmairah1506@gmail.com,A. Aliyah Almairah Syarif Putri,123190003,2019,4,89606347306,3.65,Ya,Tidak,3.11,Ya,Tidak
12/10/2022 15:32,nikolasnanda@gmail.com,Nicholas Nanda Sulaksana,123180049,2018,4,6.28E+12,3.83,Ya,Tidak,4,Ya,Tidak
